[{"model": "home.setting", "pk": 1, "fields": {"title": "Footballerize online  Store", "keywords": "T shirts, Posters, Mugs", "description": "All things football.", "company": "ESCO", "address": "mansarovar jaipur", "phone": "123456789", "fax": "1234567", "email": "admin@footballerize.com", "smtpserver": "Footballerize Store", "smtpemail": "Footballerize Store", "smtppassword": "Footballer", "smtpport": "Footb", "icon": "", "facebook": "fb", "instagram": "insta", "twitter": "twitter", "youtube": "tube", "aboutus": "<p><strong>ABOUT US</strong></p>\r\n\r\n<p>&nbsp;</p>\r\n\r\n<p>lorem ipsum,lorem ipsumlorem ipsumlorem ipsumlorem ipsumlorem ipsumlorem ipsumlorem ipsumlorem ipsumlorem ipsumlorem ipsumlorem ipsumlorem ipsumlorem ipsumlorem ipsumlorem ipsumlorem ipsumlorem ipsumlorem ipsumlorem ipsumlorem ipsumlorem ipsumlorem ipsumlorem ipsumlorem ipsumlorem ipsumlorem ipsumlorem ipsumlorem ipsumlorem ipsumlorem ipsumlorem ipsumlorem ipsumlorem ipsumlorem ipsumlorem ipsumlorem ipsumlorem ipsumlorem ipsumlorem ipsumlorem ipsumlorem ipsumlorem ipsumlorem ipsumlorem ipsumlorem ipsumlorem ipsumlorem ipsumlorem ipsumlorem ipsumlorem ipsumlorem ipsumlorem ipsumlorem ipsumlorem ipsumlorem ipsumlorem ipsumlorem ipsumlorem ipsumlorem ipsumlorem ipsumlorem ipsumlorem ipsumlorem ipsumlorem ipsumlorem ipsumlorem ipsumlorem ipsumlorem ipsumlorem ipsumlorem ipsumlorem ipsumlorem ipsumlorem ipsumlorem ipsumlorem ipsumlorem ipsumlorem ipsumlorem ipsumlorem ipsumlorem ipsumlorem ipsumlorem ipsumlorem ipsumlorem ipsumlorem ipsumlorem ipsumlorem ipsumlorem ipsumlorem ipsumlorem ipsumlorem ipsumlorem ipsumlorem ipsumlorem ipsumlorem ipsumlorem ipsumlorem ipsumlorem ipsumlorem ipsumlorem ipsumlorem ipsumlorem ipsumlorem ipsumlorem ipsumlorem ipsumlorem ipsumlorem ipsumlorem ipsumlorem ipsumlorem ipsumlorem ipsumlorem ipsumlorem ipsumlorem ipsumlorem ipsumlorem ipsumlorem ipsumlorem ipsumlorem ipsumlorem ipsum</p>", "contact": "<p><strong>Contact US</strong></p>\r\n\r\n<p>&nbsp;</p>\r\n\r\n<p>sumlorem ipsumlorem ipsumlorem ipsumlorem ipsumlorem ipsumlorem ipsumlorem ipsumlorem ipsumlorem ipsumlorem ipsumlorem ipsumlorem ipsumlorem ipsumlorem ipsumlorem ipsumlorem ipsumlorem ipsumlorem ipsumlorem ipsumlorem ipsumlorem ipsumlorem ipsumlorem ipsumlorem ipsumlorem ipsumlorem ipsumlorem ipsumlorem ipsumlorem ipsumlorem ipsumlorem ipsumlorem ipsumlorem ipsumlorem ipsumlorem ipsumlorem ipsumlorem ipsumlorem ipsumlorem ipsumlorem ipsumlorem ipsumlorem ipsumlorem ipsumlorem ipsumlorem ipsumlorem ipsumlorem ipsumlorem ipsumlorem ipsumlorem ipsumlorem ipsumlorem ipsumlorem ipsumlorem ipsumlorem ipsumlorem ipsumlorem ipsumlorem ipsumlorem ipsumlorem ipsumlorem ipsumlorem ipsumlorem ipsumlorem ipsumlorem ipsumlorem ipsumlorem ipsumlorem ipsumlorem ipsumlorem ipsumlorem ipsumlorem ipsumlorem ipsumlorem ipsumlorem ipsumlorem ipsumlorem ipsumlorem ipsumlorem ipsumlorem ipsumlorem ipsumlorem ipsumlorem ipsumlorem ipsumlorem ipsumlorem ipsumlorem ipsumlorem ipsumlorem ipsumlorem ipsumlorem ipsumlorem ipsumlorem ipsumlorem ipsumlorem ipsumlorem ipsumlorem ipsumlorem ipsumlorem ipsumlorem ipsumlorem ipsumlorem ipsumlorem ipsumlorem ipsumlorem ipsumlorem ipsumlorem ipsumlorem ipsumlorem ipsumlorem ipsum</p>", "refrences": "<p>sumlorem ipsumlorem ipsumlorem ipsumlorem ipsumlorem ipsumlorem ipsumlorem ipsumlorem ipsumlorem ipsumlorem ipsumlorem ipsumlorem ipsumlorem ipsumlorem ipsumlorem ipsumlorem ipsumlorem ipsumlorem ipsumlorem ipsumlorem ipsumlorem ipsumlorem ipsumlorem ipsumlorem ipsumlorem ipsumlorem ipsumlorem ipsumlorem ipsumlorem ipsumlorem ipsumlorem ipsumlorem ipsumlorem ipsumlorem ipsumlorem ipsumlorem ipsumlorem ipsumlorem ipsumlorem ipsumlorem ipsumlorem ipsumlorem ipsumlorem ipsumlorem ipsumlorem ipsumlorem ipsumlorem ipsumlorem ipsumlorem ipsumlorem ipsumlorem ipsumlorem ipsumlorem ipsumlorem ipsumlorem ipsumlorem ipsumlorem ipsumlorem ipsumlorem ipsumlorem ipsumlorem ipsumlorem ipsumlorem ipsumlorem ipsumlorem ipsumlorem ipsumlorem ipsumlorem ipsumlorem ipsumlorem ipsumlorem ipsumlorem ipsumlorem ipsumlorem ipsumlorem ipsumlorem ipsumlorem ipsumlorem ipsumlorem ipsumlorem ipsumlorem ipsumlorem ipsumlorem ipsumlorem ipsumlorem ipsumlorem ipsumlorem ipsumlorem ipsumlorem ipsumlorem ipsumlorem ipsumlorem ipsumlorem ipsumlorem ipsumlorem ipsumlorem ipsumlorem ipsumlorem ipsumlorem ipsumlorem ipsumlorem ipsumlorem ipsumlorem ipsumlorem ipsumlorem ipsumlorem ipsumlorem ipsumlorem ipsumlorem ipsumlorem ipsum</p>", "status": "True", "create_at": "2020-09-01T12:14:37.102Z", "update_at": "2020-09-02T10:05:20.802Z"}}, {"model": "home.contactmessage", "pk": 1, "fields": {"name": "vats", "email": "vats@gmail.com", "subject": "enquiry", "message": "when will x be available", "status": "New", "ip": "127.0.0.1", "note": "", "create_at": "2020-09-01T14:11:11.269Z", "update_at": "2020-09-01T14:11:11.269Z"}}, {"model": "product.category", "pk": 3, "fields": {"parent": null, "title": "T-Shirt", "keywords": "T-Shirt", "description": "T-Shirt", "image": "images/tshirt_category.jpg", "status": "True", "slug": "T-Shirtn", "create_at": "2020-09-01T14:38:36.800Z", "update_at": "2020-09-02T05:10:12.750Z", "lft": 1, "rght": 6, "tree_id": 3, "level": 0}}, {"model": "product.category", "pk": 4, "fields": {"parent": null, "title": "Posters", "keywords": "Posters", "description": "Posters", "image": "images/posters.jpg", "status": "True", "slug": "Posters", "create_at": "2020-09-01T14:40:03.024Z", "update_at": "2020-09-02T05:07:53.933Z", "lft": 1, "rght": 6, "tree_id": 2, "level": 0}}, {"model": "product.category", "pk": 5, "fields": {"parent": 4, "title": "MUFC Posters", "keywords": "MUFC Posters", "description": "MUFC Posters", "image": "images/wayne_rooney-wallpaper-1920x1080_kH8dDjO.jpg", "status": "True", "slug": "MUFCPosters", "create_at": "2020-09-01T14:41:32.380Z", "update_at": "2020-09-02T05:09:28.025Z", "lft": 4, "rght": 5, "tree_id": 2, "level": 1}}, {"model": "product.category", "pk": 6, "fields": {"parent": 3, "title": "MUFC T-shirt", "keywords": "MUFC T-shirt", "description": "MUFC T-shirt", "image": "images/mufctshirt_jmbQ6RV.jpg", "status": "True", "slug": "MUFCT-shirt", "create_at": "2020-09-01T14:41:56.835Z", "update_at": "2020-09-02T05:11:12.860Z", "lft": 4, "rght": 5, "tree_id": 3, "level": 1}}, {"model": "product.category", "pk": 7, "fields": {"parent": 3, "title": "AFC T-shirts", "keywords": "AFC T-shirts", "description": "AFC T-shirts", "image": "images/afc_t_1.jpg", "status": "True", "slug": "afc-t-shirts", "create_at": "2020-09-01T16:10:20.973Z", "update_at": "2020-09-02T05:10:59.329Z", "lft": 2, "rght": 3, "tree_id": 3, "level": 1}}, {"model": "product.category", "pk": 8, "fields": {"parent": 4, "title": "AFC Posters", "keywords": "AFC Posters", "description": "AFC Posters", "image": "images/afc_poster_1.jpg", "status": "True", "slug": "afc-posters", "create_at": "2020-09-01T16:10:45.487Z", "update_at": "2020-09-02T05:09:15.829Z", "lft": 2, "rght": 3, "tree_id": 2, "level": 1}}, {"model": "product.category", "pk": 9, "fields": {"parent": null, "title": "Mugs", "keywords": "Mugs", "description": "Mugs", "image": "images/mugs_Category.jpg", "status": "True", "slug": "mugs", "create_at": "2020-09-02T09:32:16.589Z", "update_at": "2020-09-02T09:32:16.589Z", "lft": 1, "rght": 4, "tree_id": 1, "level": 0}}, {"model": "product.category", "pk": 10, "fields": {"parent": 9, "title": "MUFC Mugs", "keywords": "MUFC Mugs", "description": "MUFC Mugs", "image": "images/mufc_mug.jpg", "status": "True", "slug": "mufc-mugs", "create_at": "2020-09-02T09:53:53.892Z", "update_at": "2020-09-02T09:53:53.892Z", "lft": 2, "rght": 3, "tree_id": 1, "level": 1}}, {"model": "product.product", "pk": 1, "fields": {"category": 6, "title": "Rooney_T", "keywords": "Rooney_T", "description": "Rooney_T", "image": "images/rooney_t.jpg", "price": 100.0, "amount": 2, "minamount": 0, "detail": "<p>Rooney_T</p>", "status": "True", "slug": "Rooney_T", "create_at": "2020-09-01T08:31:31.475Z", "update_at": "2020-09-03T08:08:48.769Z"}}, {"model": "product.product", "pk": 2, "fields": {"category": 7, "title": "AFC T_2", "keywords": "AFC T_2", "description": "AFC T_2", "image": "images/afc_t_2.jpg", "price": 100.0, "amount": 4, "minamount": 3, "detail": "<p>AFC T_2</p>", "status": "True", "slug": "AFCT_2", "create_at": "2020-09-01T14:40:34.672Z", "update_at": "2020-09-03T08:09:29.177Z"}}, {"model": "product.product", "pk": 3, "fields": {"category": 7, "title": "AFC T_1", "keywords": "AFC T_1", "description": "AFC T_1", "image": "images/afc_t_1_eIkBjPX.jpg", "price": 1000.0, "amount": 3, "minamount": 1, "detail": "<p>AFC T_1</p>", "status": "True", "slug": "AFCT_1", "create_at": "2020-09-01T16:11:51.145Z", "update_at": "2020-09-03T08:06:59.966Z"}}, {"model": "product.product", "pk": 4, "fields": {"category": 6, "title": "Iconic Mufc T-shirt", "keywords": "Iconic Mufc T-shirt", "description": "Iconic Mufc T-shirt", "image": "images/mufc_iconic_tshirt.jpg", "price": 500.0, "amount": 4, "minamount": 2, "detail": "<p>Iconic Mufc T-shirt</p>", "status": "True", "slug": "iconic-mufc-t-shirt", "create_at": "2020-09-02T06:33:03.360Z", "update_at": "2020-09-02T06:33:03.361Z"}}, {"model": "product.product", "pk": 5, "fields": {"category": 5, "title": "Rooney Poster", "keywords": "Rooney Poster", "description": "Rooney Poster", "image": "images/rooney_p.png", "price": 500.0, "amount": 10, "minamount": 2, "detail": "<p>Rooney Poster</p>", "status": "True", "slug": "rooney-poster", "create_at": "2020-09-02T09:21:36.250Z", "update_at": "2020-09-03T07:55:32.290Z"}}, {"model": "product.product", "pk": 6, "fields": {"category": 5, "title": "RVP Poster", "keywords": "RVP Poster", "description": "RVP Poster", "image": "images/rvp_p.jpg", "price": 500.0, "amount": 10, "minamount": 2, "detail": "<p>RVP Poster</p>", "status": "True", "slug": "rvp-poster", "create_at": "2020-09-02T09:22:14.030Z", "update_at": "2020-09-03T07:53:58.933Z"}}, {"model": "product.product", "pk": 7, "fields": {"category": 8, "title": "Bergkamp_p", "keywords": "Bergkamp_p", "description": "Bergkamp_p", "image": "images/bergkamp_p.jpg", "price": 500.0, "amount": 10, "minamount": 2, "detail": "<p>Bergkamp_p</p>", "status": "True", "slug": "bergkamp_p", "create_at": "2020-09-02T09:26:48.887Z", "update_at": "2020-09-03T07:52:33.094Z"}}, {"model": "product.product", "pk": 8, "fields": {"category": 8, "title": "Henry_p", "keywords": "Henry_p", "description": "Henry_p", "image": "images/titi_p.jpg", "price": 500.0, "amount": 4, "minamount": 2, "detail": "<p>Henry_p</p>", "status": "True", "slug": "henry_p", "create_at": "2020-09-02T09:27:31.773Z", "update_at": "2020-09-02T09:29:50.516Z"}}, {"model": "product.product", "pk": 9, "fields": {"category": 10, "title": "Mufc Mug 1", "keywords": "Mufc Mug 1", "description": "Mufc Mug 1", "image": "images/mufc_mug_AmFaTta.jpg", "price": 100.0, "amount": 15, "minamount": 1, "detail": "<p>&nbsp;Mufc Mug 1</p>", "status": "True", "slug": "mufc-mug-1", "create_at": "2020-09-02T10:38:58.923Z", "update_at": "2020-09-03T05:16:03.125Z"}}, {"model": "product.product", "pk": 10, "fields": {"category": 10, "title": "Mufc Mug 2", "keywords": "Mufc Mug 2 keywords", "description": "Mufc Mug 2 description full", "image": "images/mufc_mug_2.jpg", "price": 700.0, "amount": 3, "minamount": 0, "detail": "<p>Mufc Mug 2 beautiful mugs from MUFC</p>", "status": "True", "slug": "mufc-mug-2", "create_at": "2020-09-02T10:40:47.257Z", "update_at": "2020-09-03T03:28:54.955Z"}}, {"model": "product.images", "pk": 1, "fields": {"product": 1, "title": "front", "image": "images/mufc_x_product_EP86Nb1.jpg"}}, {"model": "product.images", "pk": 2, "fields": {"product": 1, "title": "back", "image": "images/mufc_x_product_U3E0LdG.jpg"}}, {"model": "product.images", "pk": 3, "fields": {"product": 2, "title": "front", "image": "images/afc_t_1_HWYOIwD.jpg"}}, {"model": "product.images", "pk": 4, "fields": {"product": 3, "title": "front", "image": "images/afc_z_product_ceYlsmb.jpg"}}, {"model": "product.images", "pk": 5, "fields": {"product": 3, "title": "back", "image": "images/afc_poster_1_mPjQGdg.jpg"}}, {"model": "product.images", "pk": 6, "fields": {"product": 2, "title": "back", "image": "images/afc_t_1_3cqo8NC.jpg"}}, {"model": "product.images", "pk": 7, "fields": {"product": 8, "title": "front", "image": "images/titi_p_f.jpg"}}, {"model": "product.images", "pk": 8, "fields": {"product": 8, "title": "back", "image": "images/titi_p_b.jpg"}}, {"model": "product.images", "pk": 9, "fields": {"product": 10, "title": "front", "image": "images/mufc_mug_front.jpg"}}, {"model": "product.images", "pk": 10, "fields": {"product": 10, "title": "back", "image": "images/mufc_mug_back.jpg"}}, {"model": "product.images", "pk": 11, "fields": {"product": 9, "title": "front", "image": "images/mufc_mug_2_front.jpg"}}, {"model": "product.images", "pk": 12, "fields": {"product": 9, "title": "back", "image": "images/mufc_mug_2_back.jpg"}}, {"model": "product.images", "pk": 13, "fields": {"product": 7, "title": "front", "image": "images/bg_1.jpg"}}, {"model": "product.images", "pk": 14, "fields": {"product": 7, "title": "back", "image": "images/bg_back.jpg"}}, {"model": "product.images", "pk": 15, "fields": {"product": 6, "title": "front", "image": "images/rvp_f.jpg"}}, {"model": "product.images", "pk": 16, "fields": {"product": 6, "title": "back", "image": "images/rvp_b.jpg"}}, {"model": "product.images", "pk": 17, "fields": {"product": 5, "title": "front", "image": "images/wayne_rooney-wallpaper-1920x1080_OMtRgHy.jpg"}}, {"model": "product.images", "pk": 18, "fields": {"product": 5, "title": "back", "image": "images/rooney_f.jpg"}}, {"model": "contenttypes.contenttype", "pk": 1, "fields": {"app_label": "product", "model": "category"}}, {"model": "contenttypes.contenttype", "pk": 2, "fields": {"app_label": "admin", "model": "logentry"}}, {"model": "contenttypes.contenttype", "pk": 3, "fields": {"app_label": "auth", "model": "permission"}}, {"model": "contenttypes.contenttype", "pk": 4, "fields": {"app_label": "auth", "model": "group"}}, {"model": "contenttypes.contenttype", "pk": 5, "fields": {"app_label": "auth", "model": "user"}}, {"model": "contenttypes.contenttype", "pk": 6, "fields": {"app_label": "contenttypes", "model": "contenttype"}}, {"model": "contenttypes.contenttype", "pk": 7, "fields": {"app_label": "sessions", "model": "session"}}, {"model": "contenttypes.contenttype", "pk": 8, "fields": {"app_label": "product", "model": "product"}}, {"model": "contenttypes.contenttype", "pk": 9, "fields": {"app_label": "product", "model": "images"}}, {"model": "contenttypes.contenttype", "pk": 10, "fields": {"app_label": "home", "model": "setting"}}, {"model": "contenttypes.contenttype", "pk": 11, "fields": {"app_label": "home", "model": "contactmessage"}}, {"model": "contenttypes.contenttype", "pk": 12, "fields": {"app_label": "product", "model": "comment"}}, {"model": "contenttypes.contenttype", "pk": 13, "fields": {"app_label": "order", "model": "shopcart"}}, {"model": "contenttypes.contenttype", "pk": 14, "fields": {"app_label": "user", "model": "userprofile"}}, {"model": "sessions.session", "pk": "0246o6xvxvgo5phsejwldqyj2rc1s9kn", "fields": {"session_data": "NDIzODBkYmI1YTJmYjYzYTYzYzUyZGVkMWE5OThlY2RiOGZiODhhYTp7Il9hdXRoX3VzZXJfaWQiOiIzIiwiX2F1dGhfdXNlcl9iYWNrZW5kIjoiZGphbmdvLmNvbnRyaWIuYXV0aC5iYWNrZW5kcy5Nb2RlbEJhY2tlbmQiLCJfYXV0aF91c2VyX2hhc2giOiI2MWUzMDJiODYwMzFmNTllZWM4ZDRmYTc1MTk0MTZlNjE3NGI2OTc3In0=", "expire_date": "2020-09-18T12:28:26.339Z"}}, {"model": "sessions.session", "pk": "3axi4s6k4xg78do1v7x4zugwhv46navh", "fields": {"session_data": "MTNiMDM3ODkyNzg0YTczNDhkNDRlYzU4OGViZWZmZjNkNTkxNDVmODp7Il9hdXRoX3VzZXJfaWQiOiIxIiwiX2F1dGhfdXNlcl9iYWNrZW5kIjoiZGphbmdvLmNvbnRyaWIuYXV0aC5iYWNrZW5kcy5Nb2RlbEJhY2tlbmQiLCJfYXV0aF91c2VyX2hhc2giOiI1OTFiNzA3Y2FhZmJhMjY1MzUzMWQ0MThkYmE4YjI4MzliMmI1YjgwIn0=", "expire_date": "2020-09-17T07:13:27.549Z"}}, {"model": "sessions.session", "pk": "ab5miwwgdkxv6kemoo2cmx86u9uohooe", "fields": {"session_data": "NDIzODBkYmI1YTJmYjYzYTYzYzUyZGVkMWE5OThlY2RiOGZiODhhYTp7Il9hdXRoX3VzZXJfaWQiOiIzIiwiX2F1dGhfdXNlcl9iYWNrZW5kIjoiZGphbmdvLmNvbnRyaWIuYXV0aC5iYWNrZW5kcy5Nb2RlbEJhY2tlbmQiLCJfYXV0aF91c2VyX2hhc2giOiI2MWUzMDJiODYwMzFmNTllZWM4ZDRmYTc1MTk0MTZlNjE3NGI2OTc3In0=", "expire_date": "2020-09-20T16:09:20.082Z"}}, {"model": "sessions.session", "pk": "ftaya3olv7h2exogl4wvvr7g4v9cy29r", "fields": {"session_data": "OTM3NTk4NGU5ODA3NzEzOGI0ZjA1OTZmYmVjYmU0OWFjZDQyYTViOTp7Il9hdXRoX3VzZXJfaWQiOiI0IiwiX2F1dGhfdXNlcl9iYWNrZW5kIjoiZGphbmdvLmNvbnRyaWIuYXV0aC5iYWNrZW5kcy5Nb2RlbEJhY2tlbmQiLCJfYXV0aF91c2VyX2hhc2giOiI4NDE1ZjkzMGJlNDU2ZmY2NzBkZjc3ODBlYTBiNTcyNzgyOWUwYjRiIiwidXNlcmltYWdlIjoiL3VwbG9hZHMvaW1hZ2VzL3VzZXJzL3ZhdHNfMTIzNDUuanBnIn0=", "expire_date": "2020-09-19T11:16:19.417Z"}}, {"model": "sessions.session", "pk": "l1f4czxa4pjwrgakykygosud6m9iialq", "fields": {"session_data": "MTNiMDM3ODkyNzg0YTczNDhkNDRlYzU4OGViZWZmZjNkNTkxNDVmODp7Il9hdXRoX3VzZXJfaWQiOiIxIiwiX2F1dGhfdXNlcl9iYWNrZW5kIjoiZGphbmdvLmNvbnRyaWIuYXV0aC5iYWNrZW5kcy5Nb2RlbEJhY2tlbmQiLCJfYXV0aF91c2VyX2hhc2giOiI1OTFiNzA3Y2FhZmJhMjY1MzUzMWQ0MThkYmE4YjI4MzliMmI1YjgwIn0=", "expire_date": "2020-09-15T12:11:54.715Z"}}, {"model": "sessions.session", "pk": "lvby2kdgu5p7aow27lxmikhwwdbe6l67", "fields": {"session_data": "MTNiMDM3ODkyNzg0YTczNDhkNDRlYzU4OGViZWZmZjNkNTkxNDVmODp7Il9hdXRoX3VzZXJfaWQiOiIxIiwiX2F1dGhfdXNlcl9iYWNrZW5kIjoiZGphbmdvLmNvbnRyaWIuYXV0aC5iYWNrZW5kcy5Nb2RlbEJhY2tlbmQiLCJfYXV0aF91c2VyX2hhc2giOiI1OTFiNzA3Y2FhZmJhMjY1MzUzMWQ0MThkYmE4YjI4MzliMmI1YjgwIn0=", "expire_date": "2020-09-15T08:10:11.711Z"}}, {"model": "sessions.session", "pk": "my8e7e20zld3qqpzo9pxi3c5m8lwtxcj", "fields": {"session_data": "OTM3NTk4NGU5ODA3NzEzOGI0ZjA1OTZmYmVjYmU0OWFjZDQyYTViOTp7Il9hdXRoX3VzZXJfaWQiOiI0IiwiX2F1dGhfdXNlcl9iYWNrZW5kIjoiZGphbmdvLmNvbnRyaWIuYXV0aC5iYWNrZW5kcy5Nb2RlbEJhY2tlbmQiLCJfYXV0aF91c2VyX2hhc2giOiI4NDE1ZjkzMGJlNDU2ZmY2NzBkZjc3ODBlYTBiNTcyNzgyOWUwYjRiIiwidXNlcmltYWdlIjoiL3VwbG9hZHMvaW1hZ2VzL3VzZXJzL3ZhdHNfMTIzNDUuanBnIn0=", "expire_date": "2020-09-19T06:17:03.138Z"}}, {"model": "sessions.session", "pk": "p9r70ggund36a3v3sbslvkmlxcxjv73k", "fields": {"session_data": "NDIzODBkYmI1YTJmYjYzYTYzYzUyZGVkMWE5OThlY2RiOGZiODhhYTp7Il9hdXRoX3VzZXJfaWQiOiIzIiwiX2F1dGhfdXNlcl9iYWNrZW5kIjoiZGphbmdvLmNvbnRyaWIuYXV0aC5iYWNrZW5kcy5Nb2RlbEJhY2tlbmQiLCJfYXV0aF91c2VyX2hhc2giOiI2MWUzMDJiODYwMzFmNTllZWM4ZDRmYTc1MTk0MTZlNjE3NGI2OTc3In0=", "expire_date": "2020-09-20T18:04:55.903Z"}}, {"model": "sessions.session", "pk": "sq1dq00rtou5lqzf0g74qkkzoyi2gfqi", "fields": {"session_data": "MTNiMDM3ODkyNzg0YTczNDhkNDRlYzU4OGViZWZmZjNkNTkxNDVmODp7Il9hdXRoX3VzZXJfaWQiOiIxIiwiX2F1dGhfdXNlcl9iYWNrZW5kIjoiZGphbmdvLmNvbnRyaWIuYXV0aC5iYWNrZW5kcy5Nb2RlbEJhY2tlbmQiLCJfYXV0aF91c2VyX2hhc2giOiI1OTFiNzA3Y2FhZmJhMjY1MzUzMWQ0MThkYmE4YjI4MzliMmI1YjgwIn0=", "expire_date": "2020-09-17T08:06:24.578Z"}}, {"model": "sessions.session", "pk": "v69tsv5r86ab3s35uoyl60e2qugmojz4", "fields": {"session_data": "NDIzODBkYmI1YTJmYjYzYTYzYzUyZGVkMWE5OThlY2RiOGZiODhhYTp7Il9hdXRoX3VzZXJfaWQiOiIzIiwiX2F1dGhfdXNlcl9iYWNrZW5kIjoiZGphbmdvLmNvbnRyaWIuYXV0aC5iYWNrZW5kcy5Nb2RlbEJhY2tlbmQiLCJfYXV0aF91c2VyX2hhc2giOiI2MWUzMDJiODYwMzFmNTllZWM4ZDRmYTc1MTk0MTZlNjE3NGI2OTc3In0=", "expire_date": "2020-09-18T15:07:21.320Z"}}, {"model": "auth.permission", "pk": 1, "fields": {"name": "Can add category", "content_type": 1, "codename": "add_category"}}, {"model": "auth.permission", "pk": 2, "fields": {"name": "Can change category", "content_type": 1, "codename": "change_category"}}, {"model": "auth.permission", "pk": 3, "fields": {"name": "Can delete category", "content_type": 1, "codename": "delete_category"}}, {"model": "auth.permission", "pk": 4, "fields": {"name": "Can view category", "content_type": 1, "codename": "view_category"}}, {"model": "auth.permission", "pk": 5, "fields": {"name": "Can add log entry", "content_type": 2, "codename": "add_logentry"}}, {"model": "auth.permission", "pk": 6, "fields": {"name": "Can change log entry", "content_type": 2, "codename": "change_logentry"}}, {"model": "auth.permission", "pk": 7, "fields": {"name": "Can delete log entry", "content_type": 2, "codename": "delete_logentry"}}, {"model": "auth.permission", "pk": 8, "fields": {"name": "Can view log entry", "content_type": 2, "codename": "view_logentry"}}, {"model": "auth.permission", "pk": 9, "fields": {"name": "Can add permission", "content_type": 3, "codename": "add_permission"}}, {"model": "auth.permission", "pk": 10, "fields": {"name": "Can change permission", "content_type": 3, "codename": "change_permission"}}, {"model": "auth.permission", "pk": 11, "fields": {"name": "Can delete permission", "content_type": 3, "codename": "delete_permission"}}, {"model": "auth.permission", "pk": 12, "fields": {"name": "Can view permission", "content_type": 3, "codename": "view_permission"}}, {"model": "auth.permission", "pk": 13, "fields": {"name": "Can add group", "content_type": 4, "codename": "add_group"}}, {"model": "auth.permission", "pk": 14, "fields": {"name": "Can change group", "content_type": 4, "codename": "change_group"}}, {"model": "auth.permission", "pk": 15, "fields": {"name": "Can delete group", "content_type": 4, "codename": "delete_group"}}, {"model": "auth.permission", "pk": 16, "fields": {"name": "Can view group", "content_type": 4, "codename": "view_group"}}, {"model": "auth.permission", "pk": 17, "fields": {"name": "Can add user", "content_type": 5, "codename": "add_user"}}, {"model": "auth.permission", "pk": 18, "fields": {"name": "Can change user", "content_type": 5, "codename": "change_user"}}, {"model": "auth.permission", "pk": 19, "fields": {"name": "Can delete user", "content_type": 5, "codename": "delete_user"}}, {"model": "auth.permission", "pk": 20, "fields": {"name": "Can view user", "content_type": 5, "codename": "view_user"}}, {"model": "auth.permission", "pk": 21, "fields": {"name": "Can add content type", "content_type": 6, "codename": "add_contenttype"}}, {"model": "auth.permission", "pk": 22, "fields": {"name": "Can change content type", "content_type": 6, "codename": "change_contenttype"}}, {"model": "auth.permission", "pk": 23, "fields": {"name": "Can delete content type", "content_type": 6, "codename": "delete_contenttype"}}, {"model": "auth.permission", "pk": 24, "fields": {"name": "Can view content type", "content_type": 6, "codename": "view_contenttype"}}, {"model": "auth.permission", "pk": 25, "fields": {"name": "Can add session", "content_type": 7, "codename": "add_session"}}, {"model": "auth.permission", "pk": 26, "fields": {"name": "Can change session", "content_type": 7, "codename": "change_session"}}, {"model": "auth.permission", "pk": 27, "fields": {"name": "Can delete session", "content_type": 7, "codename": "delete_session"}}, {"model": "auth.permission", "pk": 28, "fields": {"name": "Can view session", "content_type": 7, "codename": "view_session"}}, {"model": "auth.permission", "pk": 29, "fields": {"name": "Can add product", "content_type": 8, "codename": "add_product"}}, {"model": "auth.permission", "pk": 30, "fields": {"name": "Can change product", "content_type": 8, "codename": "change_product"}}, {"model": "auth.permission", "pk": 31, "fields": {"name": "Can delete product", "content_type": 8, "codename": "delete_product"}}, {"model": "auth.permission", "pk": 32, "fields": {"name": "Can view product", "content_type": 8, "codename": "view_product"}}, {"model": "auth.permission", "pk": 33, "fields": {"name": "Can add images", "content_type": 9, "codename": "add_images"}}, {"model": "auth.permission", "pk": 34, "fields": {"name": "Can change images", "content_type": 9, "codename": "change_images"}}, {"model": "auth.permission", "pk": 35, "fields": {"name": "Can delete images", "content_type": 9, "codename": "delete_images"}}, {"model": "auth.permission", "pk": 36, "fields": {"name": "Can view images", "content_type": 9, "codename": "view_images"}}, {"model": "auth.permission", "pk": 37, "fields": {"name": "Can add setting", "content_type": 10, "codename": "add_setting"}}, {"model": "auth.permission", "pk": 38, "fields": {"name": "Can change setting", "content_type": 10, "codename": "change_setting"}}, {"model": "auth.permission", "pk": 39, "fields": {"name": "Can delete setting", "content_type": 10, "codename": "delete_setting"}}, {"model": "auth.permission", "pk": 40, "fields": {"name": "Can view setting", "content_type": 10, "codename": "view_setting"}}, {"model": "auth.permission", "pk": 41, "fields": {"name": "Can add contact message", "content_type": 11, "codename": "add_contactmessage"}}, {"model": "auth.permission", "pk": 42, "fields": {"name": "Can change contact message", "content_type": 11, "codename": "change_contactmessage"}}, {"model": "auth.permission", "pk": 43, "fields": {"name": "Can delete contact message", "content_type": 11, "codename": "delete_contactmessage"}}, {"model": "auth.permission", "pk": 44, "fields": {"name": "Can view contact message", "content_type": 11, "codename": "view_contactmessage"}}, {"model": "auth.permission", "pk": 45, "fields": {"name": "Can add comment", "content_type": 12, "codename": "add_comment"}}, {"model": "auth.permission", "pk": 46, "fields": {"name": "Can change comment", "content_type": 12, "codename": "change_comment"}}, {"model": "auth.permission", "pk": 47, "fields": {"name": "Can delete comment", "content_type": 12, "codename": "delete_comment"}}, {"model": "auth.permission", "pk": 48, "fields": {"name": "Can view comment", "content_type": 12, "codename": "view_comment"}}, {"model": "auth.permission", "pk": 49, "fields": {"name": "Can add shop cart", "content_type": 13, "codename": "add_shopcart"}}, {"model": "auth.permission", "pk": 50, "fields": {"name": "Can change shop cart", "content_type": 13, "codename": "change_shopcart"}}, {"model": "auth.permission", "pk": 51, "fields": {"name": "Can delete shop cart", "content_type": 13, "codename": "delete_shopcart"}}, {"model": "auth.permission", "pk": 52, "fields": {"name": "Can view shop cart", "content_type": 13, "codename": "view_shopcart"}}, {"model": "auth.permission", "pk": 53, "fields": {"name": "Can add user profile", "content_type": 14, "codename": "add_userprofile"}}, {"model": "auth.permission", "pk": 54, "fields": {"name": "Can change user profile", "content_type": 14, "codename": "change_userprofile"}}, {"model": "auth.permission", "pk": 55, "fields": {"name": "Can delete user profile", "content_type": 14, "codename": "delete_userprofile"}}, {"model": "auth.permission", "pk": 56, "fields": {"name": "Can view user profile", "content_type": 14, "codename": "view_userprofile"}}, {"model": "auth.user", "pk": 3, "fields": {"password": "pbkdf2_sha256$120000$gaOYeOcSwKNY$gRkpR9bzSDdRlxaz4GiT4Pil+5rCzu6AfNj865UWo1Q=", "last_login": "2020-09-06T18:04:55.900Z", "is_superuser": true, "username": "admin", "first_name": "", "last_name": "", "email": "abc@gmail.com", "is_staff": true, "is_active": true, "date_joined": "2020-09-03T18:56:32.862Z", "groups": [], "user_permissions": []}}, {"model": "auth.user", "pk": 4, "fields": {"password": "pbkdf2_sha256$120000$suRXrivdJRxv$jB8IHTU3UhZoIwjHryJoQSy6odyQXcPdBp9oiK0BqZs=", "last_login": "2020-09-05T11:16:19.412Z", "is_superuser": false, "username": "vats", "first_name": "", "last_name": "", "email": "", "is_staff": false, "is_active": true, "date_joined": "2020-09-03T18:58:18.870Z", "groups": [], "user_permissions": []}}, {"model": "auth.user", "pk": 5, "fields": {"password": "pbkdf2_sha256$120000$UOoLIa2vsrb6$YP1QIossB0IDdiJtUg8LFNkBFgQsVVz8Tn5bsqbzKM0=", "last_login": "2020-09-04T06:59:25.600Z", "is_superuser": false, "username": "xyz", "first_name": "xyz", "last_name": "sharma", "email": "xyz@gmail.com", "is_staff": false, "is_active": true, "date_joined": "2020-09-04T06:59:25.290Z", "groups": [], "user_permissions": []}}, {"model": "admin.logentry", "pk": 79, "fields": {"action_time": "2020-09-03T18:57:32.397Z", "user": 3, "content_type": 5, "object_id": "2", "object_repr": "administrator", "action_flag": 3, "change_message": ""}}, {"model": "admin.logentry", "pk": 80, "fields": {"action_time": "2020-09-03T18:58:18.990Z", "user": 3, "content_type": 5, "object_id": "4", "object_repr": "vats", "action_flag": 1, "change_message": "[{\"added\": {}}]"}}, {"model": "admin.logentry", "pk": 81, "fields": {"action_time": "2020-09-03T19:00:03.359Z", "user": 3, "content_type": 14, "object_id": "2", "object_repr": "vats", "action_flag": 1, "change_message": "[{\"added\": {}}]"}}, {"model": "order.shopcart", "pk": 4, "fields": {"user": null, "product": 6, "quantity": 5}}, {"model": "order.shopcart", "pk": 6, "fields": {"user": null, "product": 9, "quantity": 3}}, {"model": "order.shopcart", "pk": 7, "fields": {"user": null, "product": 1, "quantity": 7}}, {"model": "order.shopcart", "pk": 8, "fields": {"user": null, "product": 7, "quantity": 3}}, {"model": "order.shopcart", "pk": 9, "fields": {"user": null, "product": 10, "quantity": 12}}, {"model": "order.shopcart", "pk": 10, "fields": {"user": null, "product": 4, "quantity": 2}}, {"model": "order.shopcart", "pk": 15, "fields": {"user": 4, "product": 8, "quantity": 2}}, {"model": "order.shopcart", "pk": 16, "fields": {"user": 4, "product": 5, "quantity": 1}}, {"model": "user.userprofile", "pk": 2, "fields": {"user": 4, "phone": "12345", "address": "12345", "city": "12345", "country": "12345", "image": "images/users/vats_12345.jpg"}}]